agent_a_key,agent_b_key,mean_avg_decision_sec_a,mean_avg_decision_sec_b,mean_avg_game_length,mean_avg_score_a,mean_avg_score_b,mean_draw_rate,mean_legal_cache_hit_rate,mean_next_cache_hit_rate,mean_win_rate_a,n_games
random,random,1.180934898936633e-06,1.1830449866994883e-06,34.4,55.0,45.0,0.03333333333333333,0.0,0.0,0.5333333333333333,3
pure_mct,random,0.2950076846018949,1.6623007674661045e-06,24.566666666666666,80.0,20.0,0.06666666666666667,0.2959475950752131,0.07238103268777851,0.7666666666666666,3
heuristic_mcts,pure_mct,0.2748945002197134,0.2776161346465221,22.53333333333333,53.333333333333336,46.666666666666664,0.19999999999999998,0.35378527691296435,0.1433852873071461,0.43333333333333335,3
value_greedy:token_transformer,random,0.014703143522793042,1.5245504260058576e-06,32.333333333333336,41.666666666666664,58.333333333333336,0.03333333333333333,0.0,0.08903342206045078,0.39999999999999997,3
neural_mcts:token_transformer,pure_mct,0.2880015720741892,0.29235934876204084,23.433333333333334,40.0,60.0,0.13333333333333333,0.5082996166302006,0.10679099498800428,0.3333333333333333,3
neural_mcts:token_transformer,heuristic_mcts,0.2920146154757652,0.2898888643511676,22.766666666666666,31.666666666666668,68.33333333333333,0.03333333333333333,0.5273893365210484,0.13049351743742532,0.3,3
