cfg_tag,n_total_matches,fixed_sims_win_rate,fixed_time_win_rate
sel_cap20,150,0.7466666666666667,0.7333333333333333
value_full,150,0.7266666666666667,0.7066666666666667
