{
  "has_selective_vs_value": true,
  "delta_fixed_time": -0.1133333333333334,
  "delta_fixed_sims": -0.11999999999999988
}