config_tag,fixed_sims_avg_decision_sec_a_mean,fixed_sims_avg_eval_calls_fallback_a_mean,fixed_sims_avg_eval_calls_neural_a_mean,fixed_sims_n_matches,fixed_sims_win_rate_mean,fixed_time_avg_decision_sec_a_mean,fixed_time_avg_eval_calls_fallback_a_mean,fixed_time_avg_eval_calls_neural_a_mean,fixed_time_n_matches,fixed_time_win_rate_mean,games_count,rounds,seed
sel_cap20,0.2550562279571087,0.0028571428571428567,5.988930700802807,150,0.37333333333333335,0.25628905484370396,0.0020634920634920637,6.149397644397666,150,0.39333333333333337,3,50,42
sel_cap20,0.2570820391122215,0.0,6.00416109015837,150,0.37333333333333335,0.2579947351764001,0.00196078431372549,6.052104987159741,150,0.43333333333333335,3,50,142
sel_cap20,0.2559791477417715,0.0002777777777777778,5.981915682450279,150,0.41333333333333333,0.2586364316982996,0.0,6.019884837774221,150,0.43333333333333335,3,50,242
value_full,0.2568631126250052,0.0,0.0,150,0.3666666666666667,0.25758094505050527,0.0,0.0,150,0.40666666666666673,3,50,42
value_full,0.23196460413293454,0.0,0.0,150,0.58,0.2279724080915997,0.0,0.0,150,0.5933333333333334,3,50,142
value_full,0.2286851953763982,0.0,0.0,150,0.5733333333333334,0.2273187783695482,0.0,0.0,150,0.6,3,50,242
