game_name,cache_mode,agent_type,appearances,wins,draws,losses,win_rate,draw_rate,loss_rate,failed_rate,avg_score,avg_steps,avg_wall_clock_sec,avg_decision_total_sec,avg_decision_avg_sec,avg_decision_max_sec,avg_legal_calls,avg_legal_cache_hit_rate,avg_next_calls,avg_next_cache_hit_rate
ticTacToe,disabled,mcts,6,2,1,3,0.333333,0.166667,0.5,0.0,41.666667,8.0,37.9482,22.001365,2.698358,20.469686,123.666667,0.0,3.833333,0.0
ticTacToe,disabled,pure_mct,6,4,1,1,0.666667,0.166667,0.166667,0.0,75.0,8.333333,13.783352,5.661286,0.727061,4.716562,96.333333,0.0,4.0,0.0
ticTacToe,disabled,random,6,1,2,3,0.166667,0.333333,0.5,0.0,33.333333,7.666667,4.695652,0.046027,0.005797,0.037602,7.666667,0.0,0.0,0.0
ticTacToe,enabled,mcts,6,4,0,2,0.666667,0.0,0.333333,0.0,66.666667,7.166667,5.828579,3.402876,0.484366,1.87424,112.5,0.928889,3.833333,0.0
ticTacToe,enabled,pure_mct,6,4,0,2,0.666667,0.0,0.333333,0.0,66.666667,7.5,2.829983,1.049962,0.144712,0.56783,115.5,0.91342,6.166667,0.054054
ticTacToe,enabled,random,6,1,0,5,0.166667,0.0,0.833333,0.0,16.666667,6.333333,0.950799,0.023984,0.003835,0.021808,6.333333,0.368421,0.0,0.0
