agent_a_key,agent_b_key,mean_avg_decision_sec_a,mean_avg_decision_sec_b,mean_avg_game_length,mean_avg_score_a,mean_avg_score_b,mean_draw_rate,mean_legal_cache_hit_rate,mean_mean_fast_calls_a,mean_mean_fast_eval_time_a,mean_mean_leaf_eval_a,mean_mean_slow_call_ratio_a,mean_mean_slow_calls_a,mean_mean_slow_eval_time_a,mean_next_cache_hit_rate,mean_win_rate_a,n_games
random,pure_mct,2.70065199919049e-06,0.3080215565434705,27.783333333333335,13.333333333333334,86.66666666666667,0.03333333333333333,0.2929308395526062,0.0,0.0,0.0,0.0,0.0,0.0,0.07249747869319684,0.11666666666666665,3
neural_mcts:token_mlp,pure_mct,0.18901996368855642,0.2984220633871868,21.333333333333332,40.0,60.0,0.09999999999999999,0.5697729037810043,0.0,0.0,0.0,0.0,0.0,0.0,0.10817083023184877,0.35000000000000003,3
neural_mcts:token_transformer,pure_mct,0.2983049715980985,0.2964465084152557,24.583333333333332,50.833333333333336,49.166666666666664,0.11666666666666665,0.5161610585806303,0.0,0.0,0.0,0.0,0.0,0.0,0.1139944688596128,0.45,3
two_stage_neural_mcts,pure_mct,0.20371980294705808,0.2998712822939398,24.166666666666668,45.833333333333336,54.166666666666664,0.08333333333333333,0.5810948689284858,3935.933333333334,0.00033349175954207306,3935.933333333334,0.0,0.0,0.0,0.1138754726243899,0.4166666666666667,3
two_stage_neural_mcts,neural_mcts:token_mlp,0.19470567093242971,0.19246735814013707,19.966666666666665,41.666666666666664,58.333333333333336,0.13333333333333333,0.8709717539467349,3409.7999999999997,0.00031992055777009775,3409.7999999999997,0.0,0.0,0.0,0.16422864297437084,0.35000000000000003,3
two_stage_neural_mcts,neural_mcts:token_transformer,0.19113644067170033,0.29469306264171696,16.633333333333333,40.833333333333336,59.166666666666664,0.08333333333333333,0.8578174946364724,2691.133333333333,0.0003291276908866142,2691.133333333333,0.0,0.0,0.0,0.15020595116226168,0.3666666666666667,3
