{
  "mode": "residual_v1",
  "source_dataset": "outputs/datasets/sdrpv_dataset_v3_parallel.jsonl",
  "target_field": "q_t",
  "game_filter": null,
  "encoder": "board_token",
  "model": "transformer",
  "epochs": 20,
  "batch_size": 128,
  "learning_rate": 0.001,
  "weight_decay": 0.0001,
  "seed": 242,
  "hidden_dims": [
    256,
    128
  ],
  "dropout": 0.1,
  "loss": "huber",
  "patience": 5,
  "device": "cuda",
  "num_workers": 0,
  "roles": [
    "black",
    "red"
  ],
  "num_input_rows": 4732,
  "num_samples_used": 4732,
  "conversion_stats": {
    "total_input": 4732,
    "kept": 4732,
    "skipped": 0,
    "missing_s": 0,
    "missing_b": 0,
    "missing_target": 0,
    "game_filtered": 0,
    "residual_clipped_count": 1,
    "target_field": "q_t"
  },
  "split_sizes": {
    "train": 3785,
    "val": 473,
    "test": 474
  },
  "test_loss_delta": 0.025251011973254793,
  "test_sign_acc_delta": 0.6054852320675106,
  "offline_test_metrics": {
    "count": 474,
    "target_field": "q_t",
    "corr_vhat_target": 0.830385389336143,
    "rank_corr_vhat_target": 0.8252874637567197,
    "mae_vhat_target": 0.1788400510103793,
    "mae_b_target": 0.1836083229129931,
    "mae_gain_over_b": 0.00476827190261378,
    "mae_gain_ratio_over_b": 0.025969802604609227,
    "corr_b_target": 0.8136781252194186,
    "rank_corr_b_target": 0.8109985202136845,
    "corr_vhat_qt": 0.830385389336143,
    "rank_corr_vhat_qt": 0.8252874637567197,
    "mae_vhat_qt": 0.1788400510103793,
    "mae_b_qt": 0.1836083229129931,
    "corr_b_qt": 0.8136781252194186,
    "rank_corr_b_qt": 0.8109985202136845
  }
}