{
  "all": {
    "count": 4732,
    "target_field": "q_t",
    "corr_vhat_target": 0.8408384385507804,
    "rank_corr_vhat_target": 0.8251518183608473,
    "mae_vhat_target": 0.17293790271740547,
    "mae_b_target": 0.1844653053772319,
    "mae_gain_over_b": 0.011527402659826436,
    "mae_gain_ratio_over_b": 0.062490898417200326,
    "corr_b_target": 0.812471463191649,
    "rank_corr_b_target": 0.7996594363940419,
    "corr_vhat_qt": 0.8408384385507804,
    "rank_corr_vhat_qt": 0.8251518183608473,
    "mae_vhat_qt": 0.17293790271740547,
    "mae_b_qt": 0.1844653053772319,
    "corr_b_qt": 0.812471463191649,
    "rank_corr_b_qt": 0.7996594363940419
  },
  "train": {
    "count": 3785,
    "target_field": "q_t",
    "corr_vhat_target": 0.8412899188211559,
    "rank_corr_vhat_target": 0.8243213613997584,
    "mae_vhat_target": 0.17183196009323815,
    "mae_b_target": 0.18421556286518107,
    "mae_gain_over_b": 0.01238360277194292,
    "mae_gain_ratio_over_b": 0.06722343421660802,
    "corr_b_target": 0.8114256554579794,
    "rank_corr_b_target": 0.7982302598259179,
    "corr_vhat_qt": 0.8412899188211559,
    "rank_corr_vhat_qt": 0.8243213613997584,
    "mae_vhat_qt": 0.17183196009323815,
    "mae_b_qt": 0.18421556286518107,
    "corr_b_qt": 0.8114256554579794,
    "rank_corr_b_qt": 0.7982302598259179
  },
  "val": {
    "count": 473,
    "target_field": "q_t",
    "corr_vhat_target": 0.8479880200911754,
    "rank_corr_vhat_target": 0.8268035166307091,
    "mae_vhat_target": 0.1758731554480689,
    "mae_b_target": 0.1873225677369816,
    "mae_gain_over_b": 0.01144941228891272,
    "mae_gain_ratio_over_b": 0.061121371691790834,
    "corr_b_target": 0.8206792898145818,
    "rank_corr_b_target": 0.798030398755071,
    "corr_vhat_qt": 0.8479880200911754,
    "rank_corr_vhat_qt": 0.8268035166307091,
    "mae_vhat_qt": 0.1758731554480689,
    "mae_b_qt": 0.1873225677369816,
    "corr_b_qt": 0.8206792898145818,
    "rank_corr_b_qt": 0.798030398755071
  },
  "test": {
    "count": 474,
    "target_field": "q_t",
    "corr_vhat_target": 0.830385389336143,
    "rank_corr_vhat_target": 0.8252874637567197,
    "mae_vhat_target": 0.1788400510103793,
    "mae_b_target": 0.1836083229129931,
    "mae_gain_over_b": 0.00476827190261378,
    "mae_gain_ratio_over_b": 0.025969802604609227,
    "corr_b_target": 0.8136781252194186,
    "rank_corr_b_target": 0.8109985202136845,
    "corr_vhat_qt": 0.830385389336143,
    "rank_corr_vhat_qt": 0.8252874637567197,
    "mae_vhat_qt": 0.1788400510103793,
    "mae_b_qt": 0.1836083229129931,
    "corr_b_qt": 0.8136781252194186,
    "rank_corr_b_qt": 0.8109985202136845
  }
}