agent_a_key,agent_b_key,avg_decision_sec_a,avg_decision_sec_b,avg_game_length,avg_score_a,avg_score_b,draw_rate,draws,game,legal_cache_hit_rate,losses_a,mean_fast_calls_a,mean_fast_calls_b,mean_fast_eval_time_a,mean_fast_eval_time_b,mean_leaf_eval_a,mean_leaf_eval_b,mean_slow_call_ratio_a,mean_slow_call_ratio_b,mean_slow_calls_a,mean_slow_calls_b,mean_slow_eval_time_a,mean_slow_eval_time_b,n_matches,next_cache_hit_rate,search_iterations,win_rate_a,wins_a
neural_mcts:token_transformer,neural_mcts:token_mlp,0.34000372865187817,0.2104293085622495,17.15,35.0,65.0,0.0,0,breakthrough,0.7056071122202293,13,0.0,0.0,0.0,0.0,0.0,0.0,0.0,0.0,0.0,0.0,0.0,0.0,20,0.050198306991061384,50,0.35,7
two_stage_neural_mcts,neural_mcts:token_transformer,0.21929538256737008,0.34423904568793573,23.25,75.0,25.0,0.0,0,breakthrough,0.7048009636342778,5,2231.0,0.0,0.0003828690820857518,0.0,2231.0,0.0,0.0,0.0,0.0,0.0,0.0,0.0,20,0.05087612768910479,50,0.75,15
neural_mcts:token_transformer,neural_mcts:token_mlp,0.3546359973407581,0.3474089157562109,34.95,65.0,35.0,0.0,0,breakthrough,0.7859976693334032,7,0.0,0.0,0.0,0.0,0.0,0.0,0.0,0.0,0.0,0.0,0.0,0.0,20,0.04681163171973423,120,0.65,13
two_stage_neural_mcts,neural_mcts:token_transformer,0.3501501100544814,0.35164298258552973,33.8,50.0,50.0,0.0,0,breakthrough,0.7799875611341984,10,5246.2,0.0,0.0003941273674391107,0.0,5246.2,0.0,0.0,0.0,0.0,0.0,0.0,0.0,20,0.04575613563835893,120,0.5,10
neural_mcts:token_transformer,neural_mcts:token_mlp,0.3521131359555341,0.35364542225816753,45.7,50.0,50.0,0.0,0,breakthrough,0.7850092073144619,10,0.0,0.0,0.0,0.0,0.0,0.0,0.0,0.0,0.0,0.0,0.0,0.0,20,0.04596172447146608,300,0.5,10
two_stage_neural_mcts,neural_mcts:token_transformer,0.3523146462047773,0.35307680723414914,44.45,45.0,55.0,0.0,0,breakthrough,0.7746702896149513,11,6769.1,0.0,0.00041240023444785566,0.0,6769.1,0.0,0.0,0.0,0.0,0.0,0.0,0.0,20,0.04534313725490196,300,0.45,9
