{
  "fixed_sims": {
    "game": "connectFour",
    "agent_a_key": "neural_mcts:token_transformer",
    "agent_b_key": "pure_mct",
    "n_matches": 30,
    "wins_a": 23,
    "losses_a": 7,
    "draws": 0,
    "win_rate_a": 0.7666666666666667,
    "draw_rate": 0.0,
    "avg_score_a": 76.66666666666667,
    "avg_score_b": 23.333333333333332,
    "avg_game_length": 12.533333333333333,
    "avg_decision_sec_a": 0.2616875744547094,
    "avg_decision_sec_b": 0.24026082297296852,
    "avg_eval_calls_total_a": 6.4741799594740765,
    "avg_eval_calls_total_b": 0.0,
    "avg_eval_calls_neural_a": 6.4741799594740765,
    "avg_eval_calls_neural_b": 0.0,
    "avg_eval_calls_fallback_a": 0.0,
    "avg_eval_calls_fallback_b": 0.0,
    "avg_eval_calls_mixed_a": 0.0,
    "avg_eval_calls_mixed_b": 0.0,
    "legal_cache_hit_rate": 0.23248650711443059,
    "next_cache_hit_rate": 0.03602163757069093,
    "cache_enabled": true
  },
  "fixed_time": {
    "game": "connectFour",
    "agent_a_key": "neural_mcts:token_transformer",
    "agent_b_key": "pure_mct",
    "n_matches": 30,
    "wins_a": 19,
    "losses_a": 11,
    "draws": 0,
    "win_rate_a": 0.6333333333333333,
    "draw_rate": 0.0,
    "avg_score_a": 63.333333333333336,
    "avg_score_b": 36.666666666666664,
    "avg_game_length": 13.333333333333334,
    "avg_decision_sec_a": 0.26088039890962894,
    "avg_decision_sec_b": 0.24633318387401826,
    "avg_eval_calls_total_a": 6.239280640860879,
    "avg_eval_calls_total_b": 0.0,
    "avg_eval_calls_neural_a": 6.239280640860879,
    "avg_eval_calls_neural_b": 0.0,
    "avg_eval_calls_fallback_a": 0.0,
    "avg_eval_calls_fallback_b": 0.0,
    "avg_eval_calls_mixed_a": 0.0,
    "avg_eval_calls_mixed_b": 0.0,
    "legal_cache_hit_rate": 0.22930188380560393,
    "next_cache_hit_rate": 0.03660049627791563,
    "cache_enabled": true
  }
}