{
  "all": {
    "count": 4732,
    "corr_vhat_qt": 0.8322529985291616,
    "rank_corr_vhat_qt": 0.8113354052631322,
    "mae_vhat_qt": 0.17580697235842102,
    "mae_b_qt": 0.1844653053772319,
    "mae_gain_over_b": 0.008658333018810888,
    "mae_gain_ratio_over_b": 0.04693746068456927,
    "corr_b_qt": 0.812471463191649,
    "rank_corr_b_qt": 0.7996594363940419
  },
  "train": {
    "count": 3785,
    "corr_vhat_qt": 0.833872841040171,
    "rank_corr_vhat_qt": 0.8138343580743815,
    "mae_vhat_qt": 0.17525610192219682,
    "mae_b_qt": 0.18461137488912932,
    "mae_gain_over_b": 0.009355272966932504,
    "mae_gain_ratio_over_b": 0.05067549587641027,
    "corr_b_qt": 0.8127860153770534,
    "rank_corr_b_qt": 0.8012676692497712
  },
  "val": {
    "count": 473,
    "corr_vhat_qt": 0.8249826416306029,
    "rank_corr_vhat_qt": 0.8037976045379255,
    "mae_vhat_qt": 0.17808991371924257,
    "mae_b_qt": 0.18641892704510576,
    "mae_gain_over_b": 0.008329013325863194,
    "mae_gain_ratio_over_b": 0.04467901118134809,
    "corr_b_qt": 0.8041434848926725,
    "rank_corr_b_qt": 0.7873961052208714
  },
  "test": {
    "count": 474,
    "corr_vhat_qt": 0.8285647929733481,
    "rank_corr_vhat_qt": 0.8005287525018557,
    "mae_vhat_qt": 0.17792767560196512,
    "mae_b_qt": 0.18134940632356922,
    "mae_gain_over_b": 0.0034217307216040938,
    "mae_gain_ratio_over_b": 0.01886816610526387,
    "corr_b_qt": 0.8191636969652918,
    "rank_corr_b_qt": 0.7993339686303771
  }
}